id,first_name,last_name,email,gender,ip_address
1,Engelbert,Pantlin,epantlin0@phpbb.com,Male,94.99.80.129
2,Del,Colman,dcolman1@photobucket.com,Male,19.248.66.139
3,Rici,Hudson,rhudson2@domainmarket.com,Female,89.199.134.172
4,Giuseppe,Castanyer,gcastanyer3@phpbb.com,Male,65.223.130.230
5,Clair,Gooderridge,cgooderridge4@stanford.edu,Female,135.118.182.159
6,Huey,Yaakov,hyaakov5@nytimes.com,Male,144.100.216.234
7,Effie,Weatherup,eweatherup6@bigcartel.com,Female,52.19.129.166
8,Josh,Houlworth,jhoulworth7@rediff.com,Genderqueer,204.88.221.68
9,Washington,Rackham,wrackham8@ezinearticles.com,Agender,2.203.52.140
10,Edwina,Cornill,ecornill9@ifeng.com,Female,219.153.88.140
11,Fern,Grahlmans,fgrahlmansa@sciencedirect.com,Female,151.143.152.65
12,Halli,Siman,hsimanb@ted.com,Female,241.87.249.183
13,Adolph,Ishchenko,aishchenkoc@wired.com,Male,236.70.190.34
14,Lawry,Witherspoon,lwitherspoond@cargocollective.com,Male,78.59.149.6
15,Maegan,McBean,mmcbeane@marriott.com,Female,116.50.61.104
16,Nickolas,Gwyllt,ngwylltf@blogtalkradio.com,Male,120.63.45.108
17,Chariot,Heaney`,cheaneyg@huffingtonpost.com,Male,64.173.182.212
18,Verge,Habbal,vhabbalh@domainmarket.com,Male,164.139.17.108
19,Rena,Perch,rperchi@odnoklassniki.ru,Female,98.0.225.146
20,Hatti,Spence,hspencej@fema.gov,Female,242.162.112.78
21,Farlee,Oland,folandk@yale.edu,Male,97.38.16.82
22,Priscella,Chominski,pchominskil@jiathis.com,Female,241.28.251.184
23,Jimmie,Marrion,jmarrionm@unblog.fr,Male,185.146.64.38
24,Tate,Le Floch,tleflochn@kickstarter.com,Female,165.0.44.124
25,Duffie,Tape,dtapeo@ask.com,Male,221.208.117.99
26,Maurise,Neilan,mneilanp@privacy.gov.au,Male,174.160.107.118
27,Cary,Commuzzo,ccommuzzoq@pagesperso-orange.fr,Male,125.9.1.186
28,Reider,Noto,rnotor@forbes.com,Male,231.61.244.242
29,Raymond,Walley,rwalleys@istockphoto.com,Male,99.35.16.85
30,Aldin,Quiddihy,aquiddihyt@ezinearticles.com,Male,145.122.82.71
31,Saul,De Freyne,sdefreyneu@umn.edu,Male,96.42.244.131
32,Sigvard,Ormrod,sormrodv@forbes.com,Male,160.48.65.183
33,Bambi,Stothert,bstothertw@miitbeian.gov.cn,Genderqueer,194.196.11.127
34,Graig,Banaszkiewicz,gbanaszkiewiczx@example.com,Male,66.213.128.36
35,Davina,Farries,dfarriesy@usda.gov,Genderfluid,15.144.253.180
36,Pierson,Macklam,pmacklamz@blogspot.com,Male,212.63.7.38
37,Frasco,Ludy,fludy10@europa.eu,Male,20.81.251.151
38,Kassandra,Pickover,kpickover11@1und1.de,Female,48.165.18.143
39,Clem,Ech,cech12@nature.com,Genderqueer,152.228.74.50
40,Dick,Westwell,dwestwell13@unicef.org,Male,65.127.183.47
41,Maynord,Inkle,minkle14@linkedin.com,Genderfluid,57.244.148.69
42,Galvin,Cristofol,gcristofol15@theatlantic.com,Male,207.123.82.102
43,Osbourne,Ambrosoli,oambrosoli16@phpbb.com,Male,107.224.26.199
44,Sonni,Haggath,shaggath17@tiny.cc,Female,179.210.233.66
45,Alex,Millhouse,amillhouse18@gravatar.com,Male,243.27.16.132
46,Edan,Manser,emanser19@weather.com,Male,151.223.188.190
47,Lida,Haisell,lhaisell1a@addtoany.com,Genderfluid,212.31.181.223
48,Jere,Camies,jcamies1b@uol.com.br,Male,181.192.201.191
49,Dehlia,Dawbery,ddawbery1c@google.fr,Female,129.55.31.34
50,Eilis,Lockless,elockless1d@aol.com,Female,198.144.187.85
51,Albert,Cornbill,acornbill1e@cam.ac.uk,Male,180.14.3.13
52,Timofei,Buxsey,tbuxsey1f@phpbb.com,Polygender,223.191.144.44
53,Henrieta,Saket,hsaket1g@opera.com,Female,48.108.162.1
54,Nevins,Everex,neverex1h@gravatar.com,Male,87.219.90.223
55,Pepito,Shilliday,pshilliday1i@youku.com,Agender,97.185.165.174
56,Isahella,Grisdale,igrisdale1j@ed.gov,Polygender,195.199.235.22
57,Cheryl,Axel,caxel1k@dyndns.org,Genderfluid,158.127.62.9
58,Fredi,Engley,fengley1l@ameblo.jp,Female,14.220.36.13
59,Crin,Satchell,csatchell1m@wunderground.com,Female,245.89.30.90
60,Ker,Southern,ksouthern1n@imageshack.us,Male,99.83.93.243
61,Gregor,Challenger,gchallenger1o@nih.gov,Male,129.201.173.168
62,Maxy,Ordemann,mordemann1p@ovh.net,Female,172.174.230.33
63,Ami,Rycraft,arycraft1q@multiply.com,Female,31.129.81.232
64,Dorthea,Pavelka,dpavelka1r@flavors.me,Female,72.143.145.247
65,Meridith,Racher,mracher1s@posterous.com,Female,69.85.71.255
66,Mack,Sabberton,msabberton1t@cbsnews.com,Male,160.10.75.74
67,Kitti,Vidineev,kvidineev1u@ftc.gov,Non-binary,125.119.224.113
68,Kendall,Luipold,kluipold1v@jigsy.com,Male,79.181.79.175
69,Helyn,Ibbeson,hibbeson1w@eventbrite.com,Female,247.16.79.146
70,Charleen,Bartosch,cbartosch1x@flavors.me,Female,246.122.120.125
71,Kore,Scholard,kscholard1y@omniture.com,Female,91.41.15.56
72,Morena,Kinge,mkinge1z@weibo.com,Female,39.108.58.226
73,Fair,Gazzard,fgazzard20@example.com,Bigender,110.176.223.134
74,Steffane,Nutley,snutley21@reuters.com,Female,236.230.92.91
75,Micah,Cook,mcook22@gmpg.org,Male,1.237.68.32
76,Fonzie,De Michele,fdemichele23@cyberchimps.com,Male,226.243.130.178
77,Hughie,Rospars,hrospars24@themeforest.net,Male,133.66.187.32
78,Roger,Jacquot,rjacquot25@reference.com,Male,33.106.230.196
79,Lilly,Gaiter,lgaiter26@pcworld.com,Female,34.77.72.31
80,June,Tompkiss,jtompkiss27@qq.com,Female,148.149.101.170
81,Mireille,Marde,mmarde28@thetimes.co.uk,Female,193.93.209.62
82,Angie,Hercock,ahercock29@samsung.com,Male,119.142.34.130
83,Bobbette,Swain,bswain2a@weebly.com,Female,62.166.115.208
84,Lorenza,Poston,lposton2b@addtoany.com,Female,226.76.244.198
85,Garnette,Junes,gjunes2c@godaddy.com,Female,113.230.206.69
86,Sibeal,McTavy,smctavy2d@ft.com,Female,5.164.63.215
87,Bryana,Girth,bgirth2e@independent.co.uk,Female,252.5.67.207
88,Lionello,Copner,lcopner2f@imgur.com,Male,165.107.161.186
89,Rolf,Sealove,rsealove2g@photobucket.com,Male,3.192.251.81
90,Kendrick,Burchmore,kburchmore2h@edublogs.org,Male,67.181.229.99
91,Quincy,Hardwick,qhardwick2i@msu.edu,Male,46.128.8.13
92,Tine,Taree,ttaree2j@tripod.com,Female,67.31.0.90
93,Jeddy,Bagwell,jbagwell2k@wordpress.com,Male,164.77.194.95
94,Jared,Whatham,jwhatham2l@list-manage.com,Male,247.125.128.118
95,Bellanca,Boich,bboich2m@bbb.org,Female,6.74.162.24
96,Melamie,Boxell,mboxell2n@statcounter.com,Female,76.46.128.140
97,Amabelle,Kares,akares2o@exblog.jp,Female,93.56.186.25
98,Gratia,Ackenhead,gackenhead2p@auda.org.au,Female,17.144.107.241
99,Abbey,Rosengren,arosengren2q@gmpg.org,Female,225.185.100.110
100,Judd,Agney,jagney2r@cbslocal.com,Male,215.253.235.149
101,Yevette,Wasielewicz,ywasielewicz2s@imgur.com,Genderfluid,183.227.179.68
102,Chalmers,Crossgrove,ccrossgrove2t@weebly.com,Male,0.59.74.237
103,Tarrah,Thomassin,tthomassin2u@qq.com,Female,63.160.121.246
104,Shermy,Staterfield,sstaterfield2v@drupal.org,Male,147.94.57.144
105,Jobie,Scocroft,jscocroft2w@flavors.me,Female,169.194.41.161
106,Anissa,Ashurst,aashurst2x@blogs.com,Female,224.109.226.190
107,Hephzibah,Twitty,htwitty2y@wsj.com,Female,125.213.81.5
108,Celestia,Stranaghan,cstranaghan2z@wiley.com,Female,174.175.255.11
109,Cyndi,Beadell,cbeadell30@sourceforge.net,Genderqueer,214.76.163.21
110,Ken,Vigars,kvigars31@people.com.cn,Male,124.243.186.71
111,Gannie,Piwall,gpiwall32@bbb.org,Male,171.205.209.60
112,Layne,Rippingale,lrippingale33@wikimedia.org,Female,144.153.90.131
113,Tracey,Amber,tamber34@latimes.com,Male,215.108.75.124
114,Bert,Thewles,bthewles35@blogs.com,Female,166.132.154.167
115,Brocky,Aspinal,baspinal36@netlog.com,Bigender,107.249.30.4
116,Tobin,Ricold,tricold37@constantcontact.com,Male,44.205.27.95
117,Ainslie,Irons,airons38@goo.gl,Female,130.214.167.113
118,Melisse,Uc,muc39@ning.com,Polygender,167.190.215.81
119,Roderich,Sterndale,rsterndale3a@spotify.com,Male,82.50.111.53
120,Jen,Backhurst,jbackhurst3b@virginia.edu,Genderfluid,234.114.47.196
121,Riobard,Asplin,rasplin3c@hatena.ne.jp,Male,156.243.29.149
122,Merell,Gooders,mgooders3d@admin.ch,Male,14.161.102.117
123,Krissy,Buston,kbuston3e@amazon.de,Agender,105.232.24.157
124,Danit,Blakeden,dblakeden3f@privacy.gov.au,Female,197.97.148.223
125,Ceciley,Ruzek,cruzek3g@slashdot.org,Female,92.171.203.183
126,Ilyse,Broek,ibroek3h@google.com.hk,Female,11.43.44.119
127,Diane,Cogger,dcogger3i@chronoengine.com,Genderfluid,48.192.2.236
128,Eba,Allday,eallday3j@technorati.com,Female,97.27.112.80
129,Gwenny,Kale,gkale3k@nsw.gov.au,Female,212.138.190.0
130,Eolanda,Simpkiss,esimpkiss3l@t-online.de,Genderqueer,163.202.189.126
131,Gertrud,Dignum,gdignum3m@cargocollective.com,Female,27.127.17.31
132,Flinn,Kersey,fkersey3n@netvibes.com,Male,242.121.53.209
133,Dirk,Mackness,dmackness3o@elpais.com,Bigender,191.249.202.47
134,Ursola,Syde,usyde3p@mit.edu,Female,134.62.235.201
135,Sayer,Sextie,ssextie3q@bravesites.com,Male,241.143.49.121
136,Brade,Spratling,bspratling3r@yandex.ru,Bigender,41.138.204.254
137,Ilyse,Gateland,igateland3s@nyu.edu,Female,46.28.237.50
138,Darren,De Simoni,ddesimoni3t@macromedia.com,Male,155.255.12.62
139,Anjela,Turgoose,aturgoose3u@zdnet.com,Female,156.28.64.3
140,Chilton,Hargroves,chargroves3v@youtube.com,Male,62.1.173.63
141,Louis,Blowick,lblowick3w@imgur.com,Male,118.178.173.93
142,Maurizio,Bris,mbris3x@spiegel.de,Male,25.192.36.126
143,Sloane,Ewbank,sewbank3y@multiply.com,Male,189.113.204.84
144,Roosevelt,Choak,rchoak3z@nasa.gov,Male,32.34.221.149
145,Fabe,Leete,fleete40@msn.com,Male,114.229.126.46
146,Ansell,Petru,apetru41@yelp.com,Male,185.77.104.16
147,Hermine,Blackader,hblackader42@patch.com,Female,56.5.130.167
148,Marcelline,Francescuccio,mfrancescuccio43@alexa.com,Polygender,8.93.8.31
149,Vikki,Mease,vmease44@altervista.org,Female,239.138.58.2
150,Reagen,Albone,ralbone45@cbsnews.com,Male,142.174.6.221
151,Marve,Bond,mbond46@msu.edu,Male,38.109.243.94
152,Ahmed,Cameron,acameron47@slashdot.org,Male,121.219.174.226
153,Madlen,Mauchlen,mmauchlen48@amazon.co.uk,Female,28.173.158.213
154,Barny,Vanshin,bvanshin49@ezinearticles.com,Genderqueer,235.94.177.193
155,Isabeau,Szymanowski,iszymanowski4a@topsy.com,Female,75.40.131.195
156,Thea,Blowen,tblowen4b@statcounter.com,Female,252.127.216.0
157,Laina,Idney,lidney4c@ameblo.jp,Female,141.64.27.70
158,Kenon,Greatland,kgreatland4d@admin.ch,Male,25.187.188.19
159,Killie,Clemencet,kclemencet4e@ucsd.edu,Male,190.103.9.145
160,Georgi,Whaplington,gwhaplington4f@twitpic.com,Male,207.64.98.137
161,Delia,Ivanikhin,divanikhin4g@topsy.com,Female,166.90.154.182
162,Sim,Jertz,sjertz4h@t-online.de,Male,20.205.118.31
163,Tilly,Elrick,telrick4i@vimeo.com,Female,231.28.242.209
164,Ogden,Donovin,odonovin4j@mayoclinic.com,Male,141.252.224.18
165,Waylin,Abberley,wabberley4k@about.me,Male,198.185.49.21
166,Ham,Quinnell,hquinnell4l@dropbox.com,Male,150.227.145.62
167,Atalanta,Flescher,aflescher4m@behance.net,Female,68.150.205.249
168,Madelin,McDunlevy,mmcdunlevy4n@i2i.jp,Female,178.180.71.118
169,Katherine,Straine,kstraine4o@nbcnews.com,Female,30.20.199.54
170,Marni,Leyland,mleyland4p@usnews.com,Female,118.82.156.64
171,Auberon,Viel,aviel4q@columbia.edu,Male,242.243.64.63
172,Isabeau,Hedgeman,ihedgeman4r@zimbio.com,Female,171.245.38.216
173,Meriel,Mcettrick,mmcettrick4s@ucsd.edu,Female,125.253.103.178
174,Bartlet,Entres,bentres4t@ox.ac.uk,Male,247.188.36.158
175,Sela,Jordan,sjordan4u@thetimes.co.uk,Female,167.118.130.74
176,Wit,Brennand,wbrennand4v@ebay.co.uk,Male,158.146.158.12
177,Saloma,Elener,selener4w@dedecms.com,Female,78.131.120.207
178,Donavon,Very,dvery4x@pagesperso-orange.fr,Male,227.125.120.85
179,Filide,McPherson,fmcpherson4y@hugedomains.com,Female,208.92.5.55
180,Hynda,Duquesnay,hduquesnay4z@blogtalkradio.com,Genderqueer,48.168.250.13
181,Cheri,Quantrell,cquantrell50@google.cn,Bigender,85.35.107.82
182,Hilario,Reary,hreary51@sakura.ne.jp,Male,9.136.78.253
183,Melisent,Scholes,mscholes52@omniture.com,Polygender,64.54.215.76
184,Maggy,Farden,mfarden53@naver.com,Female,133.44.157.19
185,Adrea,Domenichelli,adomenichelli54@facebook.com,Female,42.0.166.65
186,Hans,Duplan,hduplan55@goo.gl,Male,82.130.81.231
187,Avram,Raper,araper56@psu.edu,Male,31.198.189.113
188,Osgood,Wellwood,owellwood57@npr.org,Male,207.31.17.10
189,Adam,Munnis,amunnis58@weather.com,Male,208.213.21.247
190,Isobel,Boddymead,iboddymead59@1und1.de,Female,100.126.75.140
191,Tripp,Echelle,techelle5a@icio.us,Male,165.152.145.158
192,Adda,Slatten,aslatten5b@theatlantic.com,Female,204.28.19.111
193,Jocko,Landsbury,jlandsbury5c@blogs.com,Male,217.148.187.246
194,Winny,Guillain,wguillain5d@spiegel.de,Female,122.49.232.138
195,Sutherland,Ungaretti,sungaretti5e@cnbc.com,Male,171.115.110.13
196,Drucie,Rollingson,drollingson5f@youtube.com,Polygender,143.62.94.105
197,Dario,Skyrme,dskyrme5g@intel.com,Bigender,99.196.177.128
198,Hugh,Munn,hmunn5h@barnesandnoble.com,Male,3.92.59.53
199,Care,Giacomuzzo,cgiacomuzzo5i@bluehost.com,Male,5.55.253.85
200,Gal,Kinchington,gkinchington5j@bloglines.com,Male,69.187.96.110
201,Cassaundra,Fairfull,cfairfull5k@buzzfeed.com,Female,235.138.94.198
202,Peterus,Jacobovitch,pjacobovitch5l@tripadvisor.com,Male,72.42.19.74
203,Sergeant,Ferneley,sferneley5m@woothemes.com,Male,5.146.255.121
204,Margarete,Gogay,mgogay5n@yahoo.co.jp,Female,33.173.54.232
205,Waite,Guerro,wguerro5o@acquirethisname.com,Male,40.57.47.227
206,Duffy,Cossor,dcossor5p@meetup.com,Male,118.23.28.231
207,Janice,Amos,jamos5q@usnews.com,Female,254.133.7.182
208,Gwynne,Trahair,gtrahair5r@xinhuanet.com,Bigender,66.49.229.121
209,Vassili,Jori,vjori5s@tinyurl.com,Genderqueer,244.206.109.39
210,Andrew,Terrey,aterrey5t@state.tx.us,Genderfluid,144.124.124.255
211,Alfonse,MacFarlan,amacfarlan5u@dot.gov,Male,183.253.189.253
212,Farlay,Gerritzen,fgerritzen5v@howstuffworks.com,Genderqueer,120.168.59.1
213,Geralda,Pembridge,gpembridge5w@stanford.edu,Female,206.206.183.220
214,Dode,Yakobovicz,dyakobovicz5x@nih.gov,Female,49.21.98.65
215,Zarla,Kilbane,zkilbane5y@cbc.ca,Female,158.229.85.70
216,Uriah,Edser,uedser5z@tripod.com,Agender,108.171.26.250
217,Brion,Roch,broch60@si.edu,Male,73.81.170.101
218,Liane,Risborough,lrisborough61@forbes.com,Female,142.41.69.35
219,Heidi,Gudde,hgudde62@jugem.jp,Female,244.169.151.25
220,Standford,Aizkovitch,saizkovitch63@usgs.gov,Male,83.186.113.104
221,Gaylord,Foltin,gfoltin64@cafepress.com,Male,68.107.210.148
222,Isaak,Blincow,iblincow65@tinypic.com,Male,137.29.183.75
223,Pinchas,Kingaby,pkingaby66@yahoo.com,Male,69.11.186.141
224,Anna-diane,Van Hove,avanhove67@mit.edu,Female,95.133.227.32
225,Brandtr,Neilson,bneilson68@wikia.com,Male,203.152.87.222
226,Anallese,Gladebeck,agladebeck69@dedecms.com,Female,118.168.33.173
227,Jecho,O'Lyhane,jolyhane6a@foxnews.com,Male,254.138.198.180
228,Giraud,Brownlow,gbrownlow6b@sakura.ne.jp,Male,10.20.212.193
229,Teddy,Danford,tdanford6c@moonfruit.com,Male,102.148.33.248
230,Bette-ann,Southern,bsouthern6d@uiuc.edu,Female,53.202.246.159
231,Cazzie,Alfonsini,calfonsini6e@umn.edu,Male,206.15.197.78
232,Cleavland,Rosenblath,crosenblath6f@php.net,Polygender,73.179.251.183
233,Shari,Rising,srising6g@a8.net,Female,165.102.45.161
234,Nate,Curteis,ncurteis6h@instagram.com,Male,140.152.104.135
235,Sybila,Chatelain,schatelain6i@utexas.edu,Female,91.16.186.26
236,Ange,Slocom,aslocom6j@ezinearticles.com,Male,227.210.178.119
237,Davida,Yurkin,dyurkin6k@sohu.com,Female,113.249.44.209
238,Paten,Gaskill,pgaskill6l@squarespace.com,Male,35.225.239.39
239,Justin,Beldham,jbeldham6m@mayoclinic.com,Male,220.163.25.158
240,Melvyn,Falks,mfalks6n@about.com,Male,93.153.2.201
241,Deena,Layburn,dlayburn6o@deliciousdays.com,Female,106.22.248.119
242,Stormie,Berry,sberry6p@deliciousdays.com,Non-binary,41.173.193.12
243,Preston,Klambt,pklambt6q@chron.com,Male,253.146.39.69
244,Helaine,Rosedale,hrosedale6r@princeton.edu,Genderqueer,158.18.0.34
245,Lianna,Forryan,lforryan6s@linkedin.com,Female,227.212.240.27
246,Thayne,Coplestone,tcoplestone6t@dailymail.co.uk,Male,245.171.104.247
247,Celeste,Teas,cteas6u@addthis.com,Female,68.243.31.167
248,Leena,Yirrell,lyirrell6v@un.org,Female,137.227.83.97
249,Nedda,MacDermand,nmacdermand6w@shutterfly.com,Female,66.149.187.33
250,Kristian,Headland,kheadland6x@rakuten.co.jp,Male,131.220.18.243
251,Daniela,Verdun,dverdun6y@cdbaby.com,Female,9.89.93.214
252,Mara,Baseley,mbaseley6z@privacy.gov.au,Female,249.59.182.187
253,Charity,Evershed,cevershed70@yandex.ru,Female,230.167.133.102
254,Sallee,Dunseith,sdunseith71@xing.com,Female,221.110.225.41
255,Maurine,Jellman,mjellman72@netscape.com,Female,17.79.202.105
256,Adriaens,Dorricott,adorricott73@slashdot.org,Female,220.157.22.100
257,Joanne,Pfeffer,jpfeffer74@sun.com,Female,7.40.26.243
258,Ruperto,Ottewill,rottewill75@illinois.edu,Male,9.203.89.19
259,Reinwald,Grievson,rgrievson76@infoseek.co.jp,Male,8.95.43.29
260,Edyth,Hartland,ehartland77@uiuc.edu,Female,139.30.82.110
261,Gloriane,Bengtson,gbengtson78@newsvine.com,Female,125.188.64.214
262,Tobias,Wiper,twiper79@t-online.de,Male,36.226.194.199
263,Suzette,Winslet,swinslet7a@networksolutions.com,Female,154.77.126.106
264,Eddie,Cortese,ecortese7b@1688.com,Male,203.250.44.203
265,Phyllis,Duligal,pduligal7c@gov.uk,Female,51.75.101.66
266,Timi,Buckhurst,tbuckhurst7d@domainmarket.com,Female,152.77.133.30
267,Amitie,Manketell,amanketell7e@dropbox.com,Female,73.75.247.114
268,Vinny,Hailey,vhailey7f@princeton.edu,Male,105.212.102.138
269,Eduardo,Petel,epetel7g@sina.com.cn,Male,8.141.147.106
270,Nora,Dyhouse,ndyhouse7h@devhub.com,Genderfluid,151.131.68.93
271,Kimberli,Cominotti,kcominotti7i@sun.com,Female,73.215.96.102
272,Quill,Oakley,qoakley7j@ovh.net,Male,38.117.99.29
273,Margaretha,Blakeslee,mblakeslee7k@toplist.cz,Female,104.209.148.116
274,Sara-ann,Shadfourth,sshadfourth7l@wisc.edu,Female,240.14.112.110
275,Daryl,Pimlott,dpimlott7m@bandcamp.com,Female,127.197.186.158
276,Forester,Burrows,fburrows7n@newsvine.com,Male,204.51.100.92
277,Benita,Jovic,bjovic7o@php.net,Female,40.25.51.206
278,Georgeta,Beverley,gbeverley7p@webs.com,Female,22.8.4.149
279,Georgie,Felder,gfelder7q@godaddy.com,Female,139.242.123.55
280,Rowe,Wakenshaw,rwakenshaw7r@weibo.com,Female,112.51.40.226
281,Tova,Tegler,ttegler7s@jugem.jp,Non-binary,70.145.21.98
282,Pierre,Petkov,ppetkov7t@privacy.gov.au,Male,149.114.20.187
283,Brooke,Howman,bhowman7u@blog.com,Male,40.121.124.146
284,Brina,Paffot,bpaffot7v@twitpic.com,Female,78.48.156.208
285,Loria,Lanning,llanning7w@themeforest.net,Female,137.37.192.43
286,Bronny,Addis,baddis7x@answers.com,Male,254.139.50.40
287,Elinore,Lightollers,elightollers7y@narod.ru,Female,67.216.86.87
288,Verla,Hugle,vhugle7z@xrea.com,Genderfluid,116.248.88.21
289,Josefa,Halfhead,jhalfhead80@blogger.com,Female,50.175.90.222
290,Kirbie,Humbert,khumbert81@loc.gov,Female,11.145.194.94
291,Dynah,Howsley,dhowsley82@skype.com,Female,35.104.95.7
292,Korey,Richarz,kricharz83@themeforest.net,Male,1.40.59.235
293,Ashia,Kerwin,akerwin84@twitter.com,Polygender,94.82.158.127
294,Pepe,Geldeard,pgeldeard85@huffingtonpost.com,Male,1.168.215.67
295,Farris,Dioniso,fdioniso86@businesswire.com,Male,227.30.10.222
296,Katerine,Canacott,kcanacott87@wisc.edu,Female,73.184.77.158
297,Dee,Ping,dping88@rediff.com,Female,107.250.228.168
298,Irwinn,Pengelley,ipengelley89@xinhuanet.com,Male,27.6.51.255
299,Karly,Littlewood,klittlewood8a@instagram.com,Genderfluid,32.255.225.190
300,Itch,Hinnerk,ihinnerk8b@elpais.com,Male,247.23.173.212
301,Thatcher,Lattos,tlattos8c@spiegel.de,Male,55.115.88.69
302,Ardelle,Given,agiven8d@columbia.edu,Female,97.46.85.243
303,Scarface,Christol,schristol8e@mashable.com,Male,123.159.105.60
304,Reba,Dimitrie,rdimitrie8f@typepad.com,Female,206.189.209.55
305,Idalina,Machan,imachan8g@macromedia.com,Female,111.165.6.68
306,Glenn,O' Dornan,godornan8h@ucoz.com,Male,252.14.8.140
307,Camel,Challicum,cchallicum8i@mit.edu,Female,156.226.130.233
308,Nadya,Royston,nroyston8j@geocities.jp,Female,72.18.98.156
309,Lettie,Clarabut,lclarabut8k@paginegialle.it,Female,247.11.170.142
310,Bobbie,Commins,bcommins8l@psu.edu,Genderfluid,185.94.242.4
311,Aprilette,Ingerfield,aingerfield8m@ft.com,Female,148.183.7.186
312,Babs,Hogbourne,bhogbourne8n@wikispaces.com,Female,249.122.226.163
313,Amalia,Lardez,alardez8o@g.co,Female,38.207.252.188
314,Garth,Jantzen,gjantzen8p@nsw.gov.au,Male,252.81.84.43
315,Odilia,Hessay,ohessay8q@imgur.com,Female,50.94.154.245
316,Mattheus,Chanson,mchanson8r@reddit.com,Male,25.112.175.90
317,Dalis,Hollyland,dhollyland8s@census.gov,Male,222.85.117.121
318,Harold,Statefield,hstatefield8t@angelfire.com,Male,228.49.66.49
319,Herta,Aspall,haspall8u@cloudflare.com,Female,196.98.223.59
320,Bourke,Ethelstone,bethelstone8v@51.la,Male,15.86.230.58
321,Doralynne,Creegan,dcreegan8w@trellian.com,Female,170.7.103.208
322,Lucilia,Henstone,lhenstone8x@techcrunch.com,Agender,22.83.76.107
323,Paul,Demetr,pdemetr8y@miibeian.gov.cn,Male,141.250.33.193
324,Irene,Ambroisin,iambroisin8z@purevolume.com,Female,234.202.30.58
325,Addia,Liversage,aliversage90@freewebs.com,Female,40.109.174.239
326,Davin,Clayhill,dclayhill91@de.vu,Male,171.79.132.108
327,Lucien,Montgomery,lmontgomery92@apple.com,Male,137.138.52.172
328,Jyoti,Bonome,jbonome93@linkedin.com,Female,129.148.173.10
329,Lucais,Tinston,ltinston94@multiply.com,Male,122.18.211.115
330,Forest,Seward,fseward95@umn.edu,Male,33.30.174.57
331,Joli,MacCaghan,jmaccaghan96@behance.net,Female,108.41.193.166
332,Wilbert,Basnett,wbasnett97@exblog.jp,Male,126.172.183.108
333,Tate,Penrice,tpenrice98@hc360.com,Polygender,193.221.197.88
334,Timmy,Weed,tweed99@amazon.co.uk,Agender,253.188.200.172
335,Dillie,Vasser,dvasser9a@linkedin.com,Male,51.197.124.153
336,Sharla,Schiell,sschiell9b@wufoo.com,Female,20.190.6.207
337,Elvira,Askie,easkie9c@amazon.com,Female,220.173.106.144
338,Sawyer,Kemer,skemer9d@yandex.ru,Male,220.222.4.56
339,Joeann,McColl,jmccoll9e@list-manage.com,Female,26.24.24.194
340,Bert,Buckel,bbuckel9f@imdb.com,Female,188.193.107.106
341,Tybie,Caddies,tcaddies9g@wunderground.com,Female,57.12.59.208
342,Baillie,Rann,brann9h@soundcloud.com,Male,7.222.219.154
343,Jennine,Copper,jcopper9i@flickr.com,Female,33.240.135.183
344,Ed,Kermode,ekermode9j@foxnews.com,Polygender,24.45.190.254
345,Henryetta,Bramall,hbramall9k@photobucket.com,Female,148.251.20.196
346,Chester,Dami,cdami9l@vkontakte.ru,Male,90.236.212.132
347,Aloysius,Timbridge,atimbridge9m@tripod.com,Male,24.240.168.97
348,Ruby,Pascho,rpascho9n@cmu.edu,Male,202.211.35.97
349,Mollie,Oakenford,moakenford9o@newyorker.com,Female,119.59.56.164
350,Petr,Titford,ptitford9p@tripod.com,Male,245.145.1.70
351,Joy,Balhatchet,jbalhatchet9q@abc.net.au,Female,154.30.2.209
352,Alwin,Davis,adavis9r@blogspot.com,Male,236.21.143.193
353,Sly,Berns,sberns9s@123-reg.co.uk,Male,178.221.27.81
354,Stillmann,Linguard,slinguard9t@epa.gov,Male,205.99.104.104
355,Pansy,Brise,pbrise9u@mail.ru,Female,164.34.187.56
356,Blaire,Fellona,bfellona9v@squarespace.com,Female,81.119.226.48
357,Ly,Bownas,lbownas9w@blogs.com,Male,17.216.41.110
358,Whitaker,Delacoste,wdelacoste9x@bloomberg.com,Male,48.113.113.157
359,Jilleen,Trathan,jtrathan9y@youtu.be,Female,201.21.89.85
360,Boone,Sproston,bsproston9z@uol.com.br,Male,119.119.92.191
361,Rodie,Phelan,rphelana0@ihg.com,Female,207.130.115.62
362,Eba,Frazier,efraziera1@naver.com,Female,112.224.194.82
363,Ora,Gartery,ogarterya2@w3.org,Non-binary,216.49.237.93
364,Athene,Eastmead,aeastmeada3@feedburner.com,Female,120.153.203.56
365,Elka,Kyrkeman,ekyrkemana4@symantec.com,Female,25.162.253.132
366,Gerti,Bathow,gbathowa5@reference.com,Female,137.196.187.144
367,Patsy,Stichel,pstichela6@weebly.com,Female,142.141.51.200
368,Asia,Jelf,ajelfa7@people.com.cn,Female,34.95.214.6
369,Jilly,McKnish,jmcknisha8@sciencedaily.com,Female,15.0.231.47
370,Ringo,Rany,rranya9@phoca.cz,Male,177.101.255.99
371,Ibrahim,Wyatt,iwyattaa@shareasale.com,Male,161.198.21.181
372,Sadella,Ricca,sriccaab@yellowbook.com,Female,184.18.102.142
373,Coral,Suggey,csuggeyac@t.co,Female,88.104.101.76
374,Barclay,Coatham,bcoathamad@ibm.com,Male,8.184.123.176
375,Mahala,Outlaw,moutlawae@ucla.edu,Female,234.136.250.59
376,Merrilee,West-Frimley,mwestfrimleyaf@slashdot.org,Female,110.146.14.218
377,Jesselyn,Zettoi,jzettoiag@cdc.gov,Female,39.114.181.178
378,Ali,Shoosmith,ashoosmithah@1688.com,Male,81.158.189.231
379,Virgie,Stormont,vstormontai@smugmug.com,Male,33.83.72.72
380,Jayne,Dyble,jdybleaj@qq.com,Female,8.75.33.123
381,Ebony,Goldsberry,egoldsberryak@qq.com,Bigender,127.247.192.201
382,Ilyssa,Hessay,ihessayal@wufoo.com,Female,176.146.15.21
383,Hiram,Bazoge,hbazogeam@arstechnica.com,Male,62.243.220.236
384,Clark,Lothean,clotheanan@liveinternet.ru,Male,189.172.248.94
385,Debor,Brunnstein,dbrunnsteinao@vkontakte.ru,Female,76.170.236.193
386,Ruthann,Heinert,rheinertap@moonfruit.com,Genderqueer,91.113.152.32
387,Letitia,Easson,leassonaq@weather.com,Female,251.76.149.235
388,Clayborne,Chittem,cchittemar@jugem.jp,Male,72.112.137.159
389,Dolf,Backes,dbackesas@tripod.com,Male,117.7.91.146
390,Egor,Dahler,edahlerat@google.com,Male,200.91.125.215
391,Whitney,Kleinzweig,wkleinzweigau@pbs.org,Male,108.242.102.200
392,Michelina,Plumstead,mplumsteadav@printfriendly.com,Female,212.71.62.73
393,Lenci,Duerden,lduerdenaw@altervista.org,Male,92.104.146.54
394,Cedric,Clemence,cclemenceax@indiegogo.com,Male,180.50.13.94
395,Glyn,Iacomini,giacominiay@addtoany.com,Male,104.235.207.185
396,Jan,Rowlinson,jrowlinsonaz@bloglovin.com,Female,174.27.184.193
397,Lesly,Buckland,lbucklandb0@usatoday.com,Female,76.215.237.182
398,Tuesday,Marielle,tmarielleb1@qq.com,Female,53.134.243.31
399,Bing,Kemball,bkemballb2@economist.com,Male,52.51.76.180
400,Ardelis,Magner,amagnerb3@dmoz.org,Female,200.133.18.108
401,Lilith,Askwith,laskwithb4@google.ca,Female,15.183.180.115
402,Theresina,Bachellier,tbachellierb5@ehow.com,Female,40.94.26.207
403,Dewie,Kenworthey,dkenwortheyb6@zimbio.com,Male,96.89.23.169
404,Kendell,Lowthian,klowthianb7@unblog.fr,Male,13.203.196.123
405,Nikolaus,Farington,nfaringtonb8@clickbank.net,Male,215.26.203.106
406,Shawnee,Alban,salbanb9@nytimes.com,Female,154.56.65.167
407,Sybille,Iffland,sifflandba@apple.com,Female,61.103.232.248
408,Jacqui,Melross,jmelrossbb@nymag.com,Female,193.23.247.211
409,Daisy,Lamey,dlameybc@ask.com,Female,224.160.193.246
410,Hewett,Nealand,hnealandbd@fema.gov,Male,45.68.255.32
411,Paola,Gaiter,pgaiterbe@salon.com,Female,173.251.107.169
412,Audre,Knowlson,aknowlsonbf@irs.gov,Female,47.179.66.9
413,Katherina,Rofe,krofebg@cbsnews.com,Female,122.255.64.255
414,Krystal,Warhurst,kwarhurstbh@yelp.com,Female,102.59.203.81
415,Elden,Dixcee,edixceebi@google.ru,Male,230.125.182.77
416,Lindsey,Coale,lcoalebj@jalbum.net,Female,110.194.162.246
417,Wilbur,Crayker,wcraykerbk@answers.com,Genderqueer,251.70.4.135
418,Tito,Markussen,tmarkussenbl@geocities.com,Male,157.0.50.94
419,Yetty,Trowle,ytrowlebm@dropbox.com,Female,167.124.30.232
420,Denys,Cousins,dcousinsbn@flickr.com,Male,170.129.71.82
421,Maurita,Blumire,mblumirebo@tamu.edu,Female,183.162.151.203
422,Amye,Noblett,anoblettbp@amazon.co.jp,Genderfluid,172.208.47.66
423,Angy,Sweetland,asweetlandbq@usgs.gov,Female,30.181.172.36
424,Wright,Bartosinski,wbartosinskibr@nytimes.com,Male,30.32.70.71
425,Adan,Hoggins,ahogginsbs@illinois.edu,Male,62.10.116.237
426,Crissy,Foyston,cfoystonbt@icio.us,Female,78.113.212.207
427,Trueman,Franchi,tfranchibu@harvard.edu,Male,10.204.75.234
428,Reynard,Pim,rpimbv@tumblr.com,Male,155.254.40.133
429,Giralda,Binley,gbinleybw@sun.com,Female,45.223.1.177
430,Averil,Shellard,ashellardbx@delicious.com,Male,150.207.133.241
431,Napoleon,Janks,njanksby@apache.org,Male,190.41.175.67
432,Lorelle,Lamberto,llambertobz@independent.co.uk,Female,68.180.115.71
433,Cobbie,Cowans,ccowansc0@ezinearticles.com,Male,80.17.27.240
434,Ethelind,McMylor,emcmylorc1@jalbum.net,Agender,192.41.135.240
435,Hubie,Newson,hnewsonc2@vistaprint.com,Male,137.27.41.72
436,Cyrille,Gregolotti,cgregolottic3@myspace.com,Male,214.213.119.103
437,Papageno,Burle,pburlec4@skype.com,Male,184.111.79.74
438,Corbett,Kittman,ckittmanc5@netvibes.com,Male,20.239.12.147
439,Ambur,Weston,awestonc6@bbc.co.uk,Female,30.59.176.39
440,Jaclin,Monks,jmonksc7@cam.ac.uk,Female,71.100.92.94
441,Gregoire,Dossett,gdossettc8@yandex.ru,Male,176.210.90.172
442,Yvon,Addinall,yaddinallc9@hostgator.com,Male,227.64.186.173
443,Sharla,Rawdales,srawdalesca@chronoengine.com,Female,98.91.20.44
444,Maude,Beech,mbeechcb@fastcompany.com,Polygender,142.83.155.43
445,Molly,Davidou,mdavidoucc@behance.net,Female,21.31.80.215
446,Corty,Kittman,ckittmancd@ehow.com,Male,222.200.249.65
447,Pavia,Carr,pcarrce@state.tx.us,Female,5.128.137.87
448,Cynthie,Racine,cracinecf@1688.com,Female,245.131.50.226
449,Bailie,Charlton,bcharltoncg@wikipedia.org,Male,83.209.195.203
450,Jerrie,Pavinese,jpavinesech@ifeng.com,Female,243.80.16.66
451,Salmon,Papis,spapisci@amazon.com,Male,135.222.15.251
452,Milissent,Dearnaly,mdearnalycj@mashable.com,Female,181.118.63.85
453,Quint,Dodding,qdoddingck@squarespace.com,Male,244.83.37.61
454,Dall,Tythacott,dtythacottcl@engadget.com,Male,167.104.15.254
455,Cristen,Dugget,cduggetcm@51.la,Female,92.103.238.35
456,Warner,Varren,wvarrencn@g.co,Male,87.3.64.94
457,Wash,Kilmaster,wkilmasterco@hostgator.com,Male,215.48.220.24
458,Carlyn,Knappitt,cknappittcp@flavors.me,Female,86.199.170.153
459,Merlina,Shires,mshirescq@shop-pro.jp,Female,81.225.82.105
460,Alister,Newiss,anewisscr@w3.org,Male,73.202.209.54
461,Lorna,Benoey,lbenoeycs@de.vu,Female,150.108.140.101
462,Mechelle,Barriball,mbarriballct@example.com,Female,107.172.152.143
463,Paul,Ashmore,pashmorecu@ucsd.edu,Male,38.136.72.241
464,Silvanus,McDugal,smcdugalcv@illinois.edu,Male,112.196.200.3
465,Leanora,Gorman,lgormancw@ca.gov,Female,206.27.87.26
466,Adele,Wandrach,awandrachcx@webmd.com,Female,19.193.120.99
467,Marlo,Stanaway,mstanawaycy@auda.org.au,Male,37.244.1.205
468,Merle,Ganter,mgantercz@amazon.co.uk,Female,69.206.67.214
469,Blinni,Kille,bkilled0@ucoz.com,Female,125.94.25.133
470,Becca,Lattimer,blattimerd1@mayoclinic.com,Female,72.11.142.163
471,Brenden,Yeardley,byeardleyd2@umich.edu,Male,92.141.213.74
472,Vinnie,Catherine,vcatherined3@vk.com,Female,133.236.117.96
473,Jonie,Whapples,jwhapplesd4@people.com.cn,Female,168.217.92.246
474,Drucill,Swane,dswaned5@columbia.edu,Female,218.232.167.139
475,Rene,Gillyett,rgillyettd6@globo.com,Male,232.146.80.96
476,Laureen,Fawdery,lfawderyd7@illinois.edu,Female,125.66.92.65
477,Camella,Wissby,cwissbyd8@ycombinator.com,Female,133.23.126.225
478,Valentin,Lorenc,vlorencd9@twitter.com,Male,179.128.168.240
479,Leonhard,Eddie,leddieda@comsenz.com,Male,206.189.175.6
480,Imelda,Seaton,iseatondb@vk.com,Female,9.160.190.170
481,Natka,Grisbrook,ngrisbrookdc@google.ru,Female,244.40.198.176
482,Olwen,Mc Kellen,omckellendd@ox.ac.uk,Female,169.176.253.191
483,Edd,Feldfisher,efeldfisherde@uiuc.edu,Male,81.228.110.92
484,Morrie,Langcaster,mlangcasterdf@dell.com,Male,60.91.62.86
485,Celinka,Creagh,ccreaghdg@jalbum.net,Female,30.8.53.178
486,Kellby,Stringer,kstringerdh@pen.io,Male,221.0.66.217
487,Schuyler,Sandeland,ssandelanddi@t.co,Male,37.145.40.251
488,Carolynn,Stocky,cstockydj@amazon.de,Female,189.248.137.65
489,Chrystal,Portlock,cportlockdk@mozilla.org,Female,47.27.104.91
490,Bev,Paulsson,bpaulssondl@e-recht24.de,Female,95.149.136.241
491,Flora,Kenway,fkenwaydm@livejournal.com,Female,184.250.244.49
492,Geoff,Garlette,ggarlettedn@reverbnation.com,Male,188.117.49.176
493,Dyane,Butlin,dbutlindo@yale.edu,Female,165.70.243.164
494,Eduard,Wharram,ewharramdp@istockphoto.com,Genderqueer,4.90.24.121
495,Jerrine,Drance,jdrancedq@typepad.com,Female,9.65.254.73
496,Joela,Ongin,jongindr@de.vu,Female,223.232.182.187
497,Coriss,Thirwell,cthirwellds@weibo.com,Female,237.114.254.138
498,Siward,Butting,sbuttingdt@about.com,Male,96.160.1.197
499,Karil,Salazar,ksalazardu@smugmug.com,Female,83.159.177.81
500,Redford,Hawford,rhawforddv@wp.com,Male,234.15.126.136
501,Gage,Vakhonin,gvakhonindw@redcross.org,Male,248.99.139.84
502,Beverlie,Mochar,bmochardx@reverbnation.com,Female,177.94.133.96
503,Robinet,Agnolo,ragnolody@vk.com,Female,10.234.68.218
504,Adorne,Boraston,aborastondz@flickr.com,Agender,78.132.81.66
505,Marcelline,Dollard,mdollarde0@springer.com,Female,83.228.150.247
506,Andy,Hyndman,ahyndmane1@squidoo.com,Female,129.148.117.112
507,Belle,Tooting,btootinge2@si.edu,Female,138.251.204.249
508,Cecilio,Gylle,cgyllee3@dmoz.org,Bigender,16.255.99.45
509,Rhys,Laity,rlaitye4@digg.com,Male,13.142.144.150
510,Carline,Brazier,cbraziere5@google.cn,Female,148.153.111.159
511,Kettie,Lanahan,klanahane6@desdev.cn,Female,129.114.54.109
512,Rosalyn,Fulks,rfulkse7@oracle.com,Female,31.109.111.126
513,Kellyann,Kerkham,kkerkhame8@jimdo.com,Female,131.149.110.95
514,Dorothea,Spehr,dspehre9@amazonaws.com,Female,162.67.212.179
515,Hildagard,Whild,hwhildea@foxnews.com,Female,105.211.138.42
516,Rollo,Attfield,rattfieldeb@t-online.de,Male,105.154.219.97
517,Philis,Thornthwaite,pthornthwaiteec@imageshack.us,Female,179.223.221.38
518,Zedekiah,Stovin,zstovined@sina.com.cn,Male,9.195.114.226
519,Wainwright,Houlson,whoulsonee@squarespace.com,Male,88.4.196.64
520,Daron,Morrell,dmorrellef@yolasite.com,Male,210.136.7.79
521,Joly,Woodwin,jwoodwineg@hc360.com,Female,43.168.87.42
522,Duncan,Sprowson,dsprowsoneh@nature.com,Male,68.237.91.118
523,Denny,Cressey,dcresseyei@ed.gov,Male,205.216.96.161
524,Vinni,McKinley,vmckinleyej@dailymotion.com,Female,196.199.247.149
525,Deb,Foresight,dforesightek@nytimes.com,Female,186.172.107.206
526,Bert,Cowlas,bcowlasel@boston.com,Female,255.16.191.191
527,Renaldo,Mac Giolla Pheadair,rmacgiollapheadairem@ucla.edu,Male,116.3.126.103
528,Carly,Adanez,cadanezen@stumbleupon.com,Male,54.11.144.104
529,Rutherford,Howatt,rhowatteo@cdbaby.com,Male,124.23.121.34
530,Anders,Weavers,aweaversep@ow.ly,Bigender,71.236.250.152
531,Adara,Guilliland,aguillilandeq@ifeng.com,Agender,163.36.67.155
532,Emmet,Bynert,ebynerter@whitehouse.gov,Male,202.131.93.135
533,Willis,Josefson,wjosefsones@ft.com,Male,139.200.9.19
534,Violante,Kingh,vkinghet@gmpg.org,Female,40.125.179.156
535,Joyan,Viner,jvinereu@cisco.com,Female,139.100.252.100
536,Field,Pinkerton,fpinkertonev@archive.org,Male,107.42.79.30
537,Braden,Bradder,bbradderew@wired.com,Male,14.253.47.118
538,Rowena,Britt,rbrittex@sfgate.com,Female,209.49.252.138
539,Benyamin,Ubach,bubachey@buzzfeed.com,Male,92.166.99.111
540,Rivkah,Mathelin,rmathelinez@moonfruit.com,Polygender,80.83.10.223
541,Mic,Illingworth,millingworthf0@diigo.com,Male,96.219.137.54
542,Vinny,Moakson,vmoaksonf1@seesaa.net,Male,47.188.196.192
543,Lina,Dewdeny,ldewdenyf2@squarespace.com,Female,119.156.186.224
544,Aylmer,Schlag,aschlagf3@live.com,Male,181.153.194.139
545,Austine,Shakesby,ashakesbyf4@bbc.co.uk,Female,49.202.143.205
546,Jocko,Mitford,jmitfordf5@goo.gl,Male,188.70.179.123
547,Dalston,Melesk,dmeleskf6@cloudflare.com,Male,204.13.133.29
548,Modesty,Hecks,mhecksf7@newsvine.com,Female,239.91.169.115
549,Kellie,Robberecht,krobberechtf8@howstuffworks.com,Female,203.89.109.0
550,Daffie,Huitt,dhuittf9@tinypic.com,Female,68.13.238.78
551,Cami,Corcoran,ccorcoranfa@boston.com,Female,165.86.95.181
552,Demetre,Tatersale,dtatersalefb@bandcamp.com,Male,114.224.197.208
553,Dukey,Nelius,dneliusfc@deliciousdays.com,Male,189.191.91.100
554,Ebenezer,Bucktharp,ebucktharpfd@usgs.gov,Male,87.143.252.0
555,Melba,Lambertson,mlambertsonfe@nbcnews.com,Female,217.230.34.42
556,Bobby,Cicconetti,bcicconettiff@issuu.com,Male,181.0.135.98
557,Natty,Orrin,norrinfg@soup.io,Male,80.49.226.26
558,Franz,Baldin,fbaldinfh@clickbank.net,Male,179.185.16.134
559,Bette,Venn,bvennfi@netlog.com,Female,183.105.211.56
560,Debby,Maciejak,dmaciejakfj@globo.com,Genderqueer,235.221.154.3
561,Agnese,Goodlatt,agoodlattfk@stumbleupon.com,Female,72.247.91.237
562,Muire,Flaherty,mflahertyfl@topsy.com,Female,179.121.121.51
563,Celinda,Caraher,ccaraherfm@cnn.com,Female,0.229.108.221
564,Hoyt,Cutforth,hcutforthfn@flavors.me,Male,22.163.52.108
565,Nada,Ianitti,nianittifo@wisc.edu,Female,90.117.4.134
566,Silvester,MacElroy,smacelroyfp@google.com.au,Male,242.179.32.49
567,Neilla,Skittle,nskittlefq@google.de,Female,117.230.126.92
568,Vinson,Gourley,vgourleyfr@businessinsider.com,Male,217.228.14.43
569,Madlen,Coley,mcoleyfs@vk.com,Female,123.153.163.93
570,Novelia,Deschlein,ndeschleinft@bizjournals.com,Female,80.155.249.244
571,Lee,Bamborough,lbamboroughfu@istockphoto.com,Male,128.168.34.60
572,Filbert,Arundell,farundellfv@wp.com,Male,208.30.99.80
573,Daniela,Hourigan,dhouriganfw@typepad.com,Female,62.142.250.25
574,Celka,Pinnere,cpinnerefx@topsy.com,Female,0.248.69.59
575,Hanan,Baskerfield,hbaskerfieldfy@mlb.com,Male,75.108.186.100
576,Gil,Ruddock,gruddockfz@adobe.com,Male,2.178.144.29
577,Fleming,Levet,flevetg0@mit.edu,Male,24.252.97.129
578,Kelsy,Areles,karelesg1@sun.com,Female,60.119.83.25
579,Herschel,Gallico,hgallicog2@people.com.cn,Male,174.219.180.237
580,Lindy,Cobon,lcobong3@walmart.com,Bigender,5.210.226.136
581,Nigel,Weben,nwebeng4@answers.com,Male,159.204.126.79
582,Elbertina,Yesson,eyessong5@census.gov,Female,141.240.137.198
583,Morgen,Enderwick,menderwickg6@photobucket.com,Male,39.110.201.164
584,Silva,Edmed,sedmedg7@acquirethisname.com,Female,152.173.97.221
585,Colly,Richold,cricholdg8@elegantthemes.com,Female,127.33.95.57
586,Kerwin,Thebes,kthebesg9@wordpress.com,Male,52.0.106.98
587,Archibold,Heeley,aheeleyga@nydailynews.com,Male,228.10.184.30
588,Wildon,Prahm,wprahmgb@google.nl,Male,247.248.65.49
589,Kearney,Ancketill,kancketillgc@hostgator.com,Genderfluid,236.80.198.186
590,Kermy,Lightollers,klightollersgd@narod.ru,Male,37.54.161.180
591,Lawry,Celiz,lcelizge@sohu.com,Male,39.123.34.76
592,Maje,Macconaghy,mmacconaghygf@deviantart.com,Male,195.109.63.120
593,Alex,Lomas,alomasgg@slate.com,Female,51.104.4.228
594,Karilynn,McPartlin,kmcpartlingh@unc.edu,Female,112.17.215.234
595,Garrick,Alekseev,galekseevgi@blogspot.com,Male,124.171.70.167
596,Vikky,Brass,vbrassgj@disqus.com,Female,151.4.130.222
597,Shani,Yabsley,syabsleygk@cornell.edu,Female,75.69.21.205
598,Taffy,Earie,teariegl@cafepress.com,Female,210.183.12.28
599,Nataniel,Guite,nguitegm@goo.gl,Male,234.119.229.237
600,Garold,Allon,gallongn@histats.com,Male,65.69.243.191
601,Joline,Mingauld,jmingauldgo@godaddy.com,Female,144.208.168.153
602,Witty,Vesco,wvescogp@microsoft.com,Male,227.228.50.1
603,Tiebold,Beardwell,tbeardwellgq@merriam-webster.com,Male,75.157.14.213
604,Kissee,Tavner,ktavnergr@census.gov,Female,78.22.221.164
605,Selena,Pollack,spollackgs@mit.edu,Female,212.149.183.28
606,Enrico,Screech,escreechgt@rambler.ru,Male,139.169.135.159
607,Nanette,Loving,nlovinggu@discovery.com,Non-binary,219.82.189.121
608,Nina,Syred,nsyredgv@constantcontact.com,Female,54.91.148.105
609,Briano,Fairchild,bfairchildgw@rakuten.co.jp,Male,140.229.26.172
610,Orson,Duchatel,oduchatelgx@tuttocitta.it,Male,153.132.117.84
611,Merna,Carnell,mcarnellgy@ehow.com,Female,215.232.189.7
612,Jaime,Annett,jannettgz@wikispaces.com,Female,14.254.39.31
613,Elwin,Matitiaho,ematitiahoh0@devhub.com,Male,116.252.134.5
614,Chuck,Minshall,cminshallh1@bloomberg.com,Male,219.205.96.156
615,Lynsey,Fretwell,lfretwellh2@youtube.com,Female,252.82.19.113
616,Marjy,Milby,mmilbyh3@twitter.com,Female,144.140.85.222
617,Ware,Quodling,wquodlingh4@cbslocal.com,Male,112.239.58.70
618,Mendel,Durham,mdurhamh5@smugmug.com,Male,92.101.234.43
619,Nelly,Paeckmeyer,npaeckmeyerh6@howstuffworks.com,Female,30.223.160.97
620,Leigh,Rix,lrixh7@blogspot.com,Female,5.45.211.184
621,Lancelot,Stapforth,lstapforthh8@cafepress.com,Male,193.124.145.3
622,Joela,Eddowis,jeddowish9@ibm.com,Female,148.221.209.188
623,Ardelis,Brawley,abrawleyha@fda.gov,Female,59.185.195.97
624,Janey,Damerell,jdamerellhb@prlog.org,Female,123.106.32.147
625,Hanni,Wheatman,hwheatmanhc@furl.net,Genderqueer,109.131.83.67
626,Hersh,Pacht,hpachthd@comsenz.com,Male,190.66.125.65
627,Cynthea,Metheringham,cmetheringhamhe@usgs.gov,Polygender,127.172.118.96
628,Cob,Argyle,cargylehf@rediff.com,Non-binary,160.60.51.139
629,Lyssa,Kersting,lkerstinghg@disqus.com,Female,228.58.19.241
630,Kennith,Carletti,kcarlettihh@wisc.edu,Male,95.84.201.218
631,Elaine,Elder,eelderhi@google.es,Female,214.137.10.217
632,Claretta,Bouch,cbouchhj@weebly.com,Female,245.160.169.71
633,Arline,Begbie,abegbiehk@facebook.com,Female,139.111.180.208
634,Ann-marie,Stegers,astegershl@yellowpages.com,Female,23.117.254.58
635,Byrann,Lyokhin,blyokhinhm@qq.com,Male,110.186.93.164
636,Alvira,Stare,astarehn@indiatimes.com,Female,6.146.11.174
637,Mario,Barth,mbarthho@godaddy.com,Male,5.124.42.204
638,Alexandros,Moggie,amoggiehp@smh.com.au,Male,199.212.153.1
639,Atlante,Cheavin,acheavinhq@elpais.com,Female,115.19.253.173
640,Jdavie,Gaskin,jgaskinhr@cbsnews.com,Male,41.182.59.99
641,Kenton,Kennermann,kkennermannhs@squidoo.com,Male,103.131.21.211
642,Carolina,Haydney,chaydneyht@sourceforge.net,Female,136.29.74.225
643,Tanitansy,Sitford,tsitfordhu@buzzfeed.com,Female,53.87.137.74
644,Bernadette,Dallemore,bdallemorehv@jigsy.com,Female,153.95.255.186
645,Giuseppe,Bentzen,gbentzenhw@naver.com,Male,181.200.123.48
646,Meg,Heitz,mheitzhx@themeforest.net,Female,164.156.155.206
647,Selina,Ojeda,sojedahy@wix.com,Female,131.125.13.206
648,Packston,Cowely,pcowelyhz@xing.com,Male,11.6.7.59
649,Nikolai,Blanchard,nblanchardi0@hp.com,Male,102.142.118.196
650,Bone,Mattusov,bmattusovi1@google.cn,Male,192.123.170.92
651,Sydelle,Stockings,sstockingsi2@addthis.com,Female,115.229.184.44
652,Leta,Stonuary,lstonuaryi3@wikispaces.com,Genderqueer,214.192.154.87
653,Carmelia,Ansell,canselli4@drupal.org,Female,74.133.58.209
654,Gonzalo,Farrin,gfarrini5@google.nl,Male,200.199.156.88
655,Tommy,Faughey,tfaugheyi6@cpanel.net,Male,170.126.226.101
656,Ade,Rhodes,arhodesi7@hugedomains.com,Male,146.212.195.229
657,Agnese,Foro,aforoi8@gov.uk,Female,133.184.56.52
658,Brooke,Oglevie,bogleviei9@canalblog.com,Male,114.149.193.191
659,Ozzy,Wellstead,owellsteadia@studiopress.com,Genderfluid,252.60.53.192
660,Brandais,Overel,boverelib@berkeley.edu,Female,83.58.78.82
661,Ichabod,Swate,iswateic@skyrock.com,Male,162.5.7.158
662,Tiphanie,Tuffield,ttuffieldid@psu.edu,Female,50.34.198.197
663,Jarred,Shand,jshandie@pen.io,Male,125.148.53.42
664,Cassandry,Newson,cnewsonif@altervista.org,Female,154.169.7.20
665,Perkin,Eblein,pebleinig@baidu.com,Male,210.100.66.37
666,Jill,Ugoni,jugoniih@msu.edu,Female,25.15.139.107
667,Linnie,Beacom,lbeacomii@dedecms.com,Non-binary,2.201.77.59
668,Hamel,Blight,hblightij@java.com,Male,169.152.155.43
669,Rudie,Shinn,rshinnik@privacy.gov.au,Male,48.16.32.65
670,Julienne,Odd,joddil@i2i.jp,Female,134.138.188.40
671,Jenni,Dionis,jdionisim@ebay.com,Female,140.221.205.80
672,Cobb,Sargent,csargentin@pbs.org,Male,120.46.21.16
673,Frank,Skelhorn,fskelhornio@sitemeter.com,Female,97.118.162.140
674,Kathi,Bemment,kbemmentip@fema.gov,Female,172.166.185.252
675,Delbert,Wormell,dwormelliq@creativecommons.org,Male,36.174.7.244
676,Melodee,Uren,murenir@yahoo.com,Female,136.170.188.31
677,Eddie,Salvidge,esalvidgeis@bandcamp.com,Female,209.167.206.146
678,Annissa,Ping,apingit@opensource.org,Female,149.220.215.175
679,Micheil,Mulbery,mmulberyiu@ox.ac.uk,Male,228.56.80.7
680,Odele,Buntine,obuntineiv@google.ru,Female,96.129.150.131
681,Theresina,Varcoe,tvarcoeiw@nps.gov,Female,120.16.245.254
682,Talia,Shillum,tshillumix@reverbnation.com,Female,206.154.149.223
683,Amandi,Packwood,apackwoodiy@altervista.org,Female,72.50.223.205
684,Marlin,Claw,mclawiz@goo.gl,Male,221.75.50.138
685,Nollie,Kippen,nkippenj0@blogger.com,Male,238.58.233.7
686,Mordy,Rawcliff,mrawcliffj1@psu.edu,Male,249.53.191.132
687,Barnaby,Sibbe,bsibbej2@de.vu,Male,116.108.35.194
688,Brocky,Millis,bmillisj3@chronoengine.com,Male,97.145.32.67
689,Missy,Westoll,mwestollj4@yahoo.com,Female,145.212.146.83
690,Whitaker,Beaushaw,wbeaushawj5@samsung.com,Male,255.235.178.190
691,Chandler,Behning,cbehningj6@barnesandnoble.com,Male,15.136.213.94
692,Dominik,Vinall,dvinallj7@house.gov,Male,180.231.95.197
693,Dorothee,Purtell,dpurtellj8@paginegialle.it,Female,186.102.152.123
694,Alfredo,Fergusson,afergussonj9@wikia.com,Male,61.237.204.126
695,Elisabeth,Demkowicz,edemkowiczja@ox.ac.uk,Female,181.252.131.26
696,Binny,Gheraldi,bgheraldijb@topsy.com,Female,22.38.237.149
697,Charissa,McGuckin,cmcguckinjc@fda.gov,Female,12.205.199.71
698,Daryl,Fearns,dfearnsjd@bravesites.com,Male,221.167.169.112
699,Saraann,Earwicker,searwickerje@shutterfly.com,Female,8.161.132.228
700,Marney,Gatheral,mgatheraljf@ebay.com,Female,238.93.95.181
701,Cully,Jephcott,cjephcottjg@arizona.edu,Male,169.83.215.149
702,Kerrin,Exall,kexalljh@skyrock.com,Female,58.87.136.95
703,Asher,McGuane,amcguaneji@geocities.com,Male,172.0.90.124
704,Daffi,Jeskins,djeskinsjj@constantcontact.com,Female,167.86.217.167
705,Martelle,Philippe,mphilippejk@dailymotion.com,Non-binary,112.216.230.131
706,Angelo,Extance,aextancejl@scribd.com,Male,183.35.47.87
707,Michaella,Boich,mboichjm@forbes.com,Female,186.113.117.249
708,Reinold,Bolzmann,rbolzmannjn@ehow.com,Male,63.120.60.63
709,Jesse,McCrann,jmccrannjo@noaa.gov,Male,64.164.106.6
710,Conrad,Potkin,cpotkinjp@cyberchimps.com,Male,191.146.185.134
711,Terrill,Raubenheimer,traubenheimerjq@pcworld.com,Male,3.89.115.47
712,Kermie,Nemchinov,knemchinovjr@php.net,Male,217.101.99.193
713,Shem,Cronin,scroninjs@examiner.com,Male,31.20.157.231
714,Alvis,Rocks,arocksjt@mozilla.com,Male,53.49.184.0
715,Nannette,Kick,nkickju@jalbum.net,Genderqueer,70.200.4.205
716,Lauree,Malden,lmaldenjv@blog.com,Female,137.21.106.133
717,Simonette,Gunning,sgunningjw@webeden.co.uk,Female,22.111.250.211
718,Teodoor,Rosso,trossojx@flickr.com,Male,16.112.59.233
719,Sigrid,Pennycord,spennycordjy@ucoz.com,Female,164.182.158.203
720,Yoko,Beachem,ybeachemjz@omniture.com,Genderfluid,50.77.255.7
721,Gregoire,Pawfoot,gpawfootk0@wordpress.com,Genderfluid,153.0.156.98
722,Powell,Yellowley,pyellowleyk1@wikia.com,Male,121.106.30.251
723,Moina,Mahood,mmahoodk2@about.com,Female,206.138.121.216
724,Raleigh,Bradborne,rbradbornek3@soundcloud.com,Genderfluid,39.119.236.30
725,Welbie,Horney,whorneyk4@nyu.edu,Agender,63.147.28.155
726,Isabeau,Grindle,igrindlek5@discuz.net,Female,71.227.21.68
727,Ernesto,Dederich,edederichk6@timesonline.co.uk,Male,233.138.116.132
728,Georgina,Cranson,gcransonk7@networksolutions.com,Female,254.124.112.5
729,West,Ridehalgh,wridehalghk8@usda.gov,Agender,214.40.146.98
730,Jacklyn,Staniforth,jstaniforthk9@thetimes.co.uk,Female,193.197.95.89
731,Ayn,Danelet,adaneletka@wordpress.org,Female,69.199.6.227
732,Randa,Knottley,rknottleykb@mozilla.org,Female,96.233.240.204
733,Gabi,Oates,goateskc@rediff.com,Female,179.157.227.193
734,Vitoria,Nann,vnannkd@narod.ru,Female,143.5.236.236
735,Pippo,Haskur,phaskurke@e-recht24.de,Male,30.142.229.226
736,Ali,Earingey,aearingeykf@purevolume.com,Male,4.48.120.179
737,Janna,Wetherill,jwetherillkg@blogger.com,Female,143.245.183.245
738,Ruby,Iggo,riggokh@omniture.com,Female,232.69.63.203
739,Theodoric,Barense,tbarenseki@statcounter.com,Male,47.146.148.95
740,Willie,McGarrell,wmcgarrellkj@ftc.gov,Female,160.47.145.156
741,Ileane,Coller,icollerkk@nymag.com,Female,113.2.84.226
742,Esta,Coleyshaw,ecoleyshawkl@icio.us,Female,114.198.214.114
743,Cynthie,Shales,cshaleskm@arizona.edu,Female,228.157.54.172
744,Daryle,Bielfeldt,dbielfeldtkn@mac.com,Male,19.137.174.92
745,Benoite,Hamblett,bhamblettko@google.co.jp,Female,186.57.200.12
746,Viviyan,Orpin,vorpinkp@aboutads.info,Female,22.130.240.223
747,Alia,Jiruch,ajiruchkq@alibaba.com,Female,57.124.161.75
748,Myrtice,Stockle,mstocklekr@google.com.hk,Female,219.202.10.65
749,Trevar,Hryniewicki,thryniewickiks@umich.edu,Bigender,107.249.135.165
750,Marlane,Sleeford,msleefordkt@wikipedia.org,Female,233.216.164.221
751,Aprilette,Adnet,aadnetku@reuters.com,Non-binary,129.231.167.236
752,Lotte,Luna,llunakv@sitemeter.com,Female,116.22.149.11
753,Marrissa,Froud,mfroudkw@wix.com,Female,54.0.241.142
754,Florry,Olerenshaw,folerenshawkx@baidu.com,Female,171.189.104.58
755,Helenka,Simeone,hsimeoneky@nyu.edu,Female,85.26.22.217
756,Dennet,Ballard,dballardkz@t.co,Male,126.87.92.142
757,Odille,Fane,ofanel0@creativecommons.org,Female,193.25.151.198
758,Lennard,Squier,lsquierl1@shareasale.com,Male,89.18.45.225
759,Derrik,Isabell,disabelll2@1und1.de,Male,134.199.126.123
760,Glory,Zanetto,gzanettol3@tmall.com,Female,55.196.221.9
761,Haywood,Stockney,hstockneyl4@example.com,Male,146.102.192.68
762,Netty,Itzkovsky,nitzkovskyl5@is.gd,Bigender,77.199.251.164
763,Kahlil,O' Cloney,kocloneyl6@booking.com,Male,92.100.219.201
764,Bryna,Stockley,bstockleyl7@dagondesign.com,Genderqueer,118.69.199.227
765,Moina,Yankov,myankovl8@cafepress.com,Polygender,173.120.9.67
766,Daven,Hincks,dhincksl9@dailymotion.com,Non-binary,188.0.70.123
767,Clerc,Claque,cclaquela@gizmodo.com,Male,209.136.158.95
768,Cyndie,Jessel,cjessellb@psu.edu,Female,176.90.237.255
769,Devlin,Blunsom,dblunsomlc@ow.ly,Male,90.36.101.86
770,Bettine,Cozins,bcozinsld@epa.gov,Female,215.173.1.167
771,Demetris,Stearley,dstearleyle@goo.gl,Female,52.204.194.245
772,Zared,Antley,zantleylf@baidu.com,Male,186.138.28.156
773,Evey,Ygo,eygolg@wordpress.com,Female,151.3.145.70
774,Cory,Bucklan,cbucklanlh@webnode.com,Male,170.129.13.111
775,Vassily,Prandi,vprandili@dagondesign.com,Male,222.230.111.116
776,Matthus,Wilshaw,mwilshawlj@sina.com.cn,Agender,121.113.202.124
777,Karleen,Jestico,kjesticolk@opera.com,Genderfluid,126.248.43.220
778,Elysee,Craven,ecravenll@google.co.jp,Female,37.168.127.182
779,Therese,Camilio,tcamiliolm@upenn.edu,Female,223.163.17.136
780,Kienan,Ashforth,kashforthln@goo.gl,Male,12.211.155.87
781,Timothee,Loft,tloftlo@nature.com,Male,172.21.232.213
782,Violetta,Aujean,vaujeanlp@examiner.com,Female,10.249.60.238
783,Orazio,Jantet,ojantetlq@mapy.cz,Male,56.228.253.180
784,Francklin,Beades,fbeadeslr@bbc.co.uk,Male,117.194.250.111
785,Lib,Rickcord,lrickcordls@state.tx.us,Female,3.241.213.20
786,Ruperto,Mowles,rmowleslt@hexun.com,Male,90.108.201.255
787,Karel,Andrus,kandruslu@springer.com,Female,118.166.241.33
788,Pembroke,Hulls,phullslv@pen.io,Male,166.129.138.104
789,Florencia,Bolesma,fbolesmalw@bing.com,Female,82.186.72.142
790,Hermie,Curling,hcurlinglx@sogou.com,Male,190.246.239.209
791,Caz,Downing,cdowningly@google.it,Male,205.234.77.158
792,Harry,Coucher,hcoucherlz@macromedia.com,Male,24.241.206.104
793,Mari,Canton,mcantonm0@google.es,Female,23.168.191.203
794,Tate,Clempton,tclemptonm1@t-online.de,Male,114.119.33.15
795,Willabella,Rappport,wrappportm2@weebly.com,Female,246.223.63.194
796,Ida,Freed,ifreedm3@google.es,Female,22.177.35.81
797,Joye,Gask,jgaskm4@theglobeandmail.com,Polygender,221.25.179.187
798,Son,Hambrook,shambrookm5@yolasite.com,Male,249.150.232.62
799,Renato,Bohl,rbohlm6@comsenz.com,Male,152.88.98.110
800,Marielle,Guppy,mguppym7@angelfire.com,Bigender,253.28.64.115
801,Doralynne,Campo,dcampom8@chron.com,Female,228.147.51.205
802,Kris,De Witt,kdewittm9@nationalgeographic.com,Female,177.47.68.7
803,Tracie,Brason,tbrasonma@cocolog-nifty.com,Male,114.27.24.132
804,Agna,Traise,atraisemb@amazon.de,Female,27.150.254.62
805,Wrennie,Mayze,wmayzemc@si.edu,Female,253.232.190.9
806,Maribel,Sprague,mspraguemd@wsj.com,Female,77.151.93.97
807,Leela,Keher,lkeherme@jiathis.com,Female,200.203.190.183
808,Lenore,Rudloff,lrudloffmf@devhub.com,Female,41.156.71.8
809,Katuscha,Stansell,kstansellmg@wired.com,Female,56.235.51.107
810,Chrysa,Ferriere,cferrieremh@dell.com,Bigender,103.103.217.10
811,Corina,Gladman,cgladmanmi@who.int,Female,138.153.20.168
812,Myrtie,Askell,maskellmj@hhs.gov,Female,229.24.244.116
813,Guilbert,Raffels,graffelsmk@smugmug.com,Male,232.155.168.143
814,Jacqueline,Layland,jlaylandml@who.int,Female,11.77.183.243
815,Gerrie,Hammant,ghammantmm@bloomberg.com,Female,242.249.118.188
816,Jacquelynn,Whitsey,jwhitseymn@facebook.com,Female,150.180.252.54
817,Chelsea,Willishire,cwillishiremo@youtu.be,Female,85.220.26.192
818,Merline,Cusack,mcusackmp@4shared.com,Female,41.20.58.84
819,Libbey,Mathews,lmathewsmq@cbsnews.com,Female,57.163.102.32
820,Artair,Donner,adonnermr@miibeian.gov.cn,Male,239.175.203.243
821,Brendon,Bestwall,bbestwallms@hp.com,Non-binary,102.3.75.156
822,Alaric,Riggey,ariggeymt@yahoo.com,Male,1.42.43.38
823,Eulalie,Whittier,ewhittiermu@issuu.com,Female,44.45.150.71
824,Tomasina,Izhakov,tizhakovmv@bizjournals.com,Female,246.122.102.201
825,Romeo,Spencelayh,rspencelayhmw@ft.com,Male,31.123.1.29
826,Barth,Mooreed,bmooreedmx@opera.com,Male,14.70.206.107
827,Lammond,Leversuch,lleversuchmy@nba.com,Male,216.62.184.208
828,Augie,Ferris,aferrismz@xinhuanet.com,Male,69.135.192.216
829,Elie,Sayer,esayern0@webeden.co.uk,Female,251.116.65.56
830,Steffen,Murdoch,smurdochn1@nifty.com,Male,40.158.112.101
831,Erin,Brill,ebrilln2@opera.com,Female,193.69.231.241
832,Neale,Lumsdall,nlumsdalln3@independent.co.uk,Male,114.251.66.97
833,Paulina,Pawle,ppawlen4@twitter.com,Agender,225.0.159.212
834,Theresita,Espinet,tespinetn5@admin.ch,Female,222.199.17.62
835,Corrianne,Lipyeat,clipyeatn6@msu.edu,Female,31.94.170.243
836,Codi,Carlon,ccarlonn7@lycos.com,Female,40.82.81.17
837,Hildy,Lemmon,hlemmonn8@dailymotion.com,Female,36.88.178.167
838,Fidelio,Plaid,fplaidn9@baidu.com,Male,68.95.163.221
839,Guillema,Crawshay,gcrawshayna@cmu.edu,Female,169.200.235.25
840,Zabrina,Panswick,zpanswicknb@yellowpages.com,Female,227.198.222.4
841,Nonah,Betho,nbethonc@squidoo.com,Female,237.180.200.147
842,Aldo,Andreuzzi,aandreuzzind@xing.com,Genderqueer,150.107.189.7
843,Jeanie,Astle,jastlene@google.nl,Female,186.31.117.23
844,Dick,Kidner,dkidnernf@google.com.br,Male,205.248.135.76
845,Gardie,Scripture,gscriptureng@latimes.com,Male,63.215.120.52
846,Mariska,Pigford,mpigfordnh@apache.org,Female,151.25.46.186
847,Laetitia,Bedo,lbedoni@dedecms.com,Female,169.185.28.38
848,Jarvis,Longhorne,jlonghornenj@ucoz.ru,Bigender,174.205.250.19
849,Cleo,Giorgioni,cgiorgionink@nifty.com,Female,203.3.220.139
850,Frank,Nassey,fnasseynl@tumblr.com,Bigender,76.200.49.229
851,Rowena,Barszczewski,rbarszczewskinm@pbs.org,Female,211.156.194.30
852,Paola,Entreis,pentreisnn@goo.gl,Female,38.244.146.209
853,Rodge,Mumford,rmumfordno@oaic.gov.au,Male,168.98.176.242
854,Milena,Spinley,mspinleynp@who.int,Female,192.179.177.85
855,Pierette,Parcell,pparcellnq@liveinternet.ru,Female,10.109.68.79
856,Farrell,Borgnet,fborgnetnr@theatlantic.com,Male,123.40.52.174
857,Remy,Poat,rpoatns@oaic.gov.au,Female,255.78.34.113
858,Doris,Mattevi,dmattevint@usda.gov,Female,90.142.193.28
859,Fran,Noods,fnoodsnu@tripod.com,Female,28.229.147.8
860,Kalvin,Raffin,kraffinnv@yolasite.com,Male,198.30.179.73
861,Betteann,Amoore,bamoorenw@google.cn,Female,5.209.98.97
862,Leelah,Lightwood,llightwoodnx@comcast.net,Female,29.239.249.198
863,Barbra,Rogers,brogersny@google.ca,Female,248.204.19.90
864,Elana,Delacroux,edelacrouxnz@hao123.com,Female,201.173.90.229
865,Clarke,Griffoen,cgriffoeno0@cmu.edu,Male,40.6.159.95
866,Farlie,Ellit,fellito1@last.fm,Male,41.165.228.162
867,Jereme,Isselee,jisseleeo2@ca.gov,Male,66.38.83.32
868,Hyatt,Gertz,hgertzo3@xing.com,Male,179.25.249.217
869,Gabriel,Wason,gwasono4@nationalgeographic.com,Male,133.245.32.157
870,Archie,Giamitti,agiamittio5@chronoengine.com,Male,95.24.235.3
871,Duky,Varden,dvardeno6@indiatimes.com,Male,68.60.83.0
872,Hazel,Burcher,hburchero7@slashdot.org,Male,196.38.207.54
873,Odele,Dawdry,odawdryo8@sfgate.com,Female,234.139.253.86
874,Shena,Guwer,sguwero9@washington.edu,Female,244.71.74.0
875,Jessie,Kirrens,jkirrensoa@imdb.com,Male,27.220.152.168
876,Johanna,Royall,jroyallob@google.ru,Female,103.202.139.17
877,Annalise,MacGlory,amacgloryoc@statcounter.com,Female,170.254.70.226
878,Florella,Gozard,fgozardod@ftc.gov,Female,69.136.43.102
879,Dukie,Ormiston,dormistonoe@typepad.com,Male,180.250.134.189
880,Merwin,Everingham,meveringhamof@netvibes.com,Agender,63.7.120.52
881,Desmond,Ritelli,dritelliog@github.com,Male,42.87.60.210
882,Doyle,Bascombe,dbascombeoh@usnews.com,Male,20.87.222.2
883,Hurley,Rignold,hrignoldoi@mac.com,Male,47.97.41.9
884,Lyndel,Mattia,lmattiaoj@slashdot.org,Female,57.117.180.86
885,Pauline,Randalson,prandalsonok@china.com.cn,Female,188.199.216.96
886,Jakob,Pakeman,jpakemanol@unblog.fr,Male,127.210.3.228
887,Almire,Pendrill,apendrillom@ca.gov,Female,112.24.176.215
888,Jarred,Keme,jkemeon@hatena.ne.jp,Male,71.136.199.66
889,Rosette,Winborn,rwinbornoo@unc.edu,Genderqueer,127.238.88.223
890,Tabor,Ding,tdingop@nih.gov,Male,165.199.30.230
891,Kenon,Iacomelli,kiacomellioq@goo.gl,Male,65.250.210.138
892,Nananne,Erington,neringtonor@is.gd,Bigender,198.241.40.40
893,Timothy,Stalman,tstalmanos@devhub.com,Male,84.137.248.130
894,Alvin,Cornborough,acornboroughot@tumblr.com,Male,84.246.51.18
895,Foster,Panniers,fpanniersou@posterous.com,Male,111.229.39.140
896,Desdemona,Di Antonio,ddiantonioov@gmpg.org,Female,70.178.1.0
897,Yovonnda,Marcum,ymarcumow@cmu.edu,Female,117.168.194.252
898,Wini,Croome,wcroomeox@yandex.ru,Female,82.51.36.195
899,Wittie,Keuntje,wkeuntjeoy@examiner.com,Male,78.231.16.96
900,Gilligan,Winslow,gwinslowoz@people.com.cn,Female,133.107.33.36
901,Kent,Proffer,kprofferp0@scientificamerican.com,Male,80.164.120.75
902,Millie,Klimsch,mklimschp1@hugedomains.com,Female,212.183.87.11
903,Germaine,Regina,greginap2@google.ca,Male,152.106.253.41
904,Dareen,Bartens,dbartensp3@cisco.com,Female,44.2.51.113
905,Doralia,Buckland,dbucklandp4@yellowpages.com,Female,81.173.11.31
906,Abran,Egarr,aegarrp5@mozilla.org,Male,21.245.229.103
907,Stanislaus,Stuke,sstukep6@unicef.org,Male,249.178.245.148
908,Ky,Skamell,kskamellp7@indiatimes.com,Male,234.177.206.47
909,Padraig,Sail,psailp8@ebay.co.uk,Male,74.43.179.224
910,Marcus,Seemmonds,mseemmondsp9@shop-pro.jp,Male,26.123.161.190
911,Saidee,Bertomier,sbertomierpa@so-net.ne.jp,Female,96.25.225.7
912,Melesa,Errett,merrettpb@pen.io,Genderfluid,35.18.226.8
913,Eliot,Esbrook,eesbrookpc@squarespace.com,Male,98.252.89.72
914,Barbi,Henden,bhendenpd@yelp.com,Female,21.73.42.1
915,Brant,Stevani,bstevanipe@stumbleupon.com,Male,254.212.110.45
916,Laurel,Alkin,lalkinpf@go.com,Female,224.72.104.69
917,Ellsworth,Panketh,epankethpg@foxnews.com,Male,129.91.173.195
918,Mela,Prue,mprueph@cnet.com,Female,234.213.45.252
919,Shandie,Moulder,smoulderpi@patch.com,Female,8.244.113.250
920,Marlowe,Cheetham,mcheethampj@cnn.com,Male,151.208.25.54
921,Rochell,Walesby,rwalesbypk@sciencedaily.com,Female,152.44.162.171
922,Bjorn,Gravatt,bgravattpl@cisco.com,Male,102.207.56.122
923,Dyan,Ramalho,dramalhopm@zimbio.com,Female,63.3.16.138
924,Neysa,Petrello,npetrellopn@plala.or.jp,Female,139.161.162.139
925,Juliane,Dowse,jdowsepo@tinyurl.com,Female,180.246.133.8
926,Larina,Quibell,lquibellpp@liveinternet.ru,Female,117.168.89.55
927,Milty,Trenoweth,mtrenowethpq@people.com.cn,Male,134.222.232.131
928,Tiphanie,Lehenmann,tlehenmannpr@umn.edu,Female,62.38.202.29
929,Theresina,Boult,tboultps@google.fr,Female,2.20.172.81
930,Lynsey,Sayburn,lsayburnpt@wikipedia.org,Female,242.128.31.71
931,Amerigo,Plane,aplanepu@independent.co.uk,Male,99.143.112.52
932,Garnet,Ellcock,gellcockpv@un.org,Female,157.23.10.243
933,Kendell,Clifford,kcliffordpw@purevolume.com,Male,88.245.65.249
934,Germain,Dunridge,gdunridgepx@drupal.org,Female,159.195.192.233
935,Livvyy,Tefft,ltefftpy@google.com.br,Female,35.204.42.85
936,Sande,O' Ronan,soronanpz@fotki.com,Female,80.121.245.74
937,Erena,Ferrari,eferrariq0@java.com,Female,144.242.162.81
938,Fanchon,Edscer,fedscerq1@nytimes.com,Female,231.233.146.29
939,Murdock,Munsey,mmunseyq2@epa.gov,Male,224.208.173.151
940,Bethena,Grzes,bgrzesq3@hugedomains.com,Agender,48.114.104.216
941,Mathian,Haynes,mhaynesq4@mlb.com,Male,38.189.161.164
942,Iseabal,Kinze,ikinzeq5@biblegateway.com,Female,55.101.61.35
943,Anna-diane,Hame,ahameq6@sun.com,Female,150.121.161.38
944,Addia,Stace,astaceq7@etsy.com,Female,46.57.87.61
945,Karen,Seed,kseedq8@1und1.de,Agender,118.218.171.135
946,Zechariah,Domenichini,zdomenichiniq9@goo.gl,Male,17.118.138.185
947,Galven,Gamwell,ggamwellqa@gizmodo.com,Male,98.55.172.202
948,Fredrika,Delete,fdeleteqb@ucsd.edu,Female,173.88.214.166
949,Nannie,Mico,nmicoqc@t-online.de,Female,54.253.21.78
950,Willdon,Spridgen,wspridgenqd@arizona.edu,Male,2.62.156.35
951,De witt,Petras,dpetrasqe@privacy.gov.au,Male,11.211.19.187
952,Rodge,Puddin,rpuddinqf@army.mil,Male,230.40.127.165
953,Wilfred,Turmel,wturmelqg@vk.com,Male,211.201.223.191
954,Cletus,Schottli,cschottliqh@deviantart.com,Male,255.194.243.105
955,Pieter,Gilardengo,pgilardengoqi@gmpg.org,Male,50.67.254.38
956,Brana,Batthew,bbatthewqj@alexa.com,Female,97.104.23.21
957,Gennie,Rosenberg,grosenbergqk@telegraph.co.uk,Female,245.199.227.93
958,Jeromy,Jedrachowicz,jjedrachowiczql@eepurl.com,Male,62.53.153.12
959,Joleen,Tayt,jtaytqm@1688.com,Female,176.27.121.59
960,Fayina,McCluney,fmccluneyqn@washington.edu,Female,199.181.246.72
961,Dru,Mc Harg,dmchargqo@ehow.com,Female,231.216.167.83
962,Whitaker,Brenard,wbrenardqp@gnu.org,Male,22.69.11.44
963,Trina,Brumwell,tbrumwellqq@tinypic.com,Female,152.38.121.131
964,Evvie,Atterley,eatterleyqr@plala.or.jp,Female,206.147.29.246
965,Nani,Frise,nfriseqs@time.com,Agender,155.157.161.98
966,Katrina,Skylett,kskylettqt@newsvine.com,Female,56.82.108.227
967,Reeta,Ropkes,rropkesqu@pcworld.com,Female,109.162.185.175
968,Horace,Waumsley,hwaumsleyqv@domainmarket.com,Male,227.63.113.231
969,Shawn,Arnoll,sarnollqw@meetup.com,Male,111.153.194.165
970,Livvie,Beedie,lbeedieqx@hp.com,Female,53.180.11.235
971,Dorthea,Sirett,dsirettqy@csmonitor.com,Female,63.87.59.133
972,Kalil,Maseres,kmaseresqz@goo.gl,Male,170.253.216.30
973,Katinka,Venes,kvenesr0@google.co.jp,Female,151.162.5.243
974,Marleen,Van der Mark,mvandermarkr1@ihg.com,Female,83.132.37.40
975,Mitch,Birrell,mbirrellr2@drupal.org,Male,219.109.30.97
976,Erhard,Ludl,eludlr3@cnet.com,Male,133.29.69.245
977,Corney,Lovitt,clovittr4@vistaprint.com,Male,20.127.177.110
978,Lynette,Gladbeck,lgladbeckr5@upenn.edu,Female,129.144.164.39
979,Katey,Jaulme,kjaulmer6@google.com.au,Female,189.183.181.214
980,Valenka,Longdon,vlongdonr7@mozilla.com,Agender,67.250.101.175
981,Abby,Eddie,aeddier8@parallels.com,Female,212.194.210.147
982,Rolf,Goodwins,rgoodwinsr9@free.fr,Male,136.57.154.137
983,Betteann,Spurnier,bspurnierra@cam.ac.uk,Female,169.244.120.22
984,Mitch,Raselles,mrasellesrb@ustream.tv,Male,35.78.138.14
985,Farley,Weiner,fweinerrc@devhub.com,Male,147.238.102.68
986,Legra,Worsnop,lworsnoprd@virginia.edu,Female,10.170.65.47
987,Westleigh,Tunbridge,wtunbridgere@discuz.net,Male,84.234.162.230
988,Brita,Letchford,bletchfordrf@mayoclinic.com,Bigender,8.183.154.235
989,Nydia,Hamblett,nhamblettrg@fda.gov,Genderqueer,46.95.246.214
990,Layton,Raysdale,lraysdalerh@wikispaces.com,Male,12.201.216.180
991,Cortie,McCaughey,cmccaugheyri@blogger.com,Male,21.17.137.24
992,Law,Giorgiutti,lgiorgiuttirj@skyrock.com,Male,126.178.214.90
993,Constantino,Pottinger,cpottingerrk@netscape.com,Male,5.111.249.234
994,Barton,Stormouth,bstormouthrl@hp.com,Male,25.21.118.197
995,Bethanne,Kubala,bkubalarm@tinyurl.com,Female,212.148.254.203
996,Stanislas,Linger,slingerrn@dell.com,Male,159.8.170.156
997,Adelina,Laterza,alaterzaro@thetimes.co.uk,Genderfluid,120.112.42.52
998,Coriss,Ninnis,cninnisrp@issuu.com,Female,107.114.162.56
999,Gardie,Kington,gkingtonrq@stumbleupon.com,Male,10.23.27.240
1000,Pieter,Duckett,pduckettrr@nasa.gov,Male,80.203.40.236
